<?xml version="1.0" encoding="utf-8"?>
<ModuleInfo xmlns:xsd="http://www.w3.org/2001/XMLSchema" xmlns:xsi="http://www.w3.org/2001/XMLSchema-instance">
  <ModulePN>MOD01?????00??????</ModulePN>
  <Creator PN="01" Name="Acer-HQ1" />
  <Type PN="" Name="Drivers" />
  <Module PN="" Name="Realtek LAN Dash Client Tool" Alias="" GUID="" Serial="Dash Client Tool" Provider="Realtek" Class="LAN" />
  <WOS PN="61" Sku="W10 All" CPU="X64" />
  <Lang>All language</Lang>
  <ModuleVersion>v3.0.33.5_new</ModuleVersion>
  <DriverVersion>v3.0.33.5</DriverVersion>
  <OptionVersion>setup.exe /qn /norestart</OptionVersion>
  <ProjectCodeName>NULL</ProjectCodeName>
  <OdmName>DTWST</OdmName>
  <ModuleTimeout>30</ModuleTimeout>
  <InstallPreiod>UserAlaunch</InstallPreiod>
  <Reboot>False</Reboot>
  <Delete>False</Delete>
  <ReinstallProcessList>
    <Process Country="" OS-Language="" OS-Sku="" Check="" Timeout="0" RetCode="-" Params="" Exec="%RELATIVE_PATH%\setup.exe" Order="00" Period="" />
  </ReinstallProcessList>
  <AutoRun>True</AutoRun>
  <InstallPath />
  <Description>for vfCopperbox</Description>
  <ProcessList>
    <Process Country="" OS-Language="" OS-Sku="" Check="False" Timeout="30" RetCode="-" Params="/qn /norestart" Exec="%RELATIVE_PATH%\setup.exe" Order="00" Period="" />
  </ProcessList>
  <RegItemList />
  <ModuleProperty>RCD,STCD,RSCD</ModuleProperty>
  <HWIDs>MUST;PCI\VEN_10EC&amp;DEV_8168&amp;SUBSYS_12481025;PCI\VEN_10EC&amp;DEV_8168&amp;SUBSYS_127D1025;PCI\VEN_10EC&amp;DEV_8168&amp;SUBSYS_12921025</HWIDs>
  <AutoCheckHWID>True</AutoCheckHWID>
  <CheckRemove>True</CheckRemove>
  <MVPKernelVersion>2.0.5.9</MVPKernelVersion>
  <MVPUIVersion>2.0.6.7</MVPUIVersion>
  <LOB>Desktop</LOB>
</ModuleInfo>